country,1972,1973,1974,1975,1976,1977,1978,1979,1980,1981,1982,1983,1984,1985,1986,1987,1988,1989,1990,1991,1992,1993,1994,1995,1996,1997,1998,1999,2000,2001,2002,2003,2004,2005,2006,2007,2008,2009,2010,2011,2012,2013,2014,2015,2016,2017,2018,2019,2020,2021,2022
Afghanistan,5,6,6,6,6,6,7,7,7,7,,7,7,7,7,7,6,7,7,7,6,7,7,7,7,7,7,7,7,7,6,6,6,5,5,5,6,6,6,6,6,6,6,6,6,6,6,6,6,6,7
Angola,,,,6,6,7,7,7,7,7,,7,7,7,7,7,7,7,7,4,6,7,7,6,6,6,6,6,6,6,5,5,5,5,5,5,5,5,5,5,5,5,5,6,6,6,5,5,5,5,5
Albania,7,7,7,7,7,7,7,7,7,7,,7,7,7,7,7,7,7,6,4,3,4,4,4,4,4,5,5,5,4,3,3,3,3,3,3,3,3,3,3,3,3,3,3,3,3,3,3,3,3,3
Andorra,3,4,4,4,4,,,,,,,,,,,,,,,,,1,1,1,1,1,1,1,1,1,1,1,1,1,1,1,1,1,1,1,1,1,1,1,1,1,1,1,1,1,1
UAE,5,5,5,5,5,5,5,5,5,5,,5,5,5,5,5,5,5,5,5,5,5,5,5,5,5,5,5,5,5,5,6,6,6,5,5,5,5,5,6,6,6,6,6,6,6,6,6,6,6,6
Argentina,3,2,4,4,5,6,5,5,5,5,,3,2,2,1,1,1,2,3,3,3,3,3,3,3,3,3,3,2,3,3,2,2,2,2,2,2,2,2,2,2,2,2,2,2,2,2,2,2,2,2
Armenia,,,,,,,,,,,,,,,,,,,,5,3,4,4,4,4,4,4,4,4,4,4,4,4,4,4,4,4,4,4,4,4,4,4,4,4,4,4,4,4,4,4
Antigua and Barbuda,,,,,,,,,,2,,3,3,3,3,3,3,3,2,3,3,3,3,3,3,3,3,3,2,2,2,2,2,2,2,2,2,2,2,2,2,2,2,2,2,2,2,2,2,2,2
Australia,1,1,1,1,1,1,1,1,1,1,,1,1,1,1,1,1,1,1,1,1,1,1,1,1,1,1,1,1,1,1,1,1,1,1,1,1,1,1,1,1,1,1,1,1,1,1,1,1,1,1
Austria,1,1,1,1,1,1,1,1,1,1,,1,1,1,1,1,1,1,1,1,1,1,1,1,1,1,1,1,1,1,1,1,1,1,1,1,1,1,1,1,1,1,1,1,1,1,1,1,1,1,1
Azerbaijan,,,,,,,,,,,,,,,,,,,,5,5,6,6,6,5,4,4,4,5,5,5,5,5,5,5,5,5,5,5,5,5,6,6,6,6,6,6,6,6,7,7
Burundi,7,7,7,6,6,6,7,7,6,6,,6,6,6,6,6,6,6,6,6,5,7,7,7,7,7,6,6,6,6,5,5,5,5,5,5,5,5,5,5,5,5,5,6,6,6,6,6,6,6,6
Belgium,1,1,1,1,1,1,1,1,1,1,,1,1,1,1,1,1,1,1,1,1,1,1,1,2,2,2,2,2,2,1,1,1,1,1,1,1,1,1,1,1,1,1,1,1,1,1,1,1,1,1
Benin,5,5,6,7,7,7,7,6,6,6,,6,7,7,7,7,7,7,4,3,3,3,3,2,2,2,2,3,2,2,2,2,2,2,2,2,2,2,2,2,2,2,2,2,2,2,2,2,2,3,3
Burkina Faso,4,4,4,4,5,4,3,3,5,5,,5,5,6,6,6,6,5,5,5,5,4,4,4,4,4,4,4,4,4,4,4,4,3,3,3,3,3,3,3,3,3,3,3,3,3,3,4,4,4,4
Bangladesh,4,4,4,5,4,4,4,3,4,5,,5,5,5,5,5,5,4,5,3,3,4,4,4,4,4,4,4,4,4,4,4,4,4,4,4,4,4,4,4,4,4,4,4,4,4,5,5,5,5,5
Bulgaria,7,7,7,7,7,7,7,7,7,7,,7,7,7,7,7,7,7,4,3,3,2,2,2,3,3,3,3,3,3,2,2,2,2,2,2,2,2,2,2,2,2,2,2,2,2,2,2,2,2,2
Bahrain,5,5,4,4,4,4,4,4,5,5,,5,5,5,5,5,5,5,5,5,5,6,6,6,6,6,6,6,6,5,5,5,5,5,5,5,5,5,5,6,6,6,6,6,6,6,6,6,6,6,6
Bahamas,,2,2,2,2,2,2,2,2,2,,2,2,2,2,3,3,3,3,3,2,2,2,2,2,2,2,1,1,1,1,1,1,1,1,1,1,1,1,1,1,1,1,1,1,1,1,1,1,1,1
Bosnia and Herzegovina,,,,,,,,,,,,,,,,,,,,,6,6,6,6,5,5,5,5,4,4,4,4,3,3,3,3,3,3,3,3,3,3,3,3,4,4,4,4,4,4,4
Belarus,,,,,,,,,,,,,,,,,,,,4,3,4,4,5,6,6,6,6,6,6,6,6,6,6,6,6,6,6,6,6,6,6,6,6,6,6,6,6,6,7,7
Belize,,,,,,,,,,2,,2,1,1,1,1,2,2,2,1,1,1,1,1,1,1,1,1,1,2,2,2,2,2,2,2,2,2,2,2,2,2,2,2,2,2,2,2,1,1,1
Bolivia,4,4,5,5,4,4,3,3,5,4,,3,3,3,3,3,3,3,3,3,3,3,3,4,3,3,3,3,3,3,3,3,3,3,3,3,3,3,3,3,3,3,3,3,3,3,3,3,3,3,3
Brazil,5,5,4,5,5,5,4,3,3,3,,3,3,2,2,2,3,2,3,3,3,4,4,4,4,4,4,4,3,3,3,3,3,2,2,2,2,2,2,2,2,2,2,2,2,2,2,2,3,3,3
Barbados,1,1,1,1,1,1,1,1,1,1,,1,2,2,1,1,1,1,1,1,1,1,1,1,1,1,1,1,1,1,1,1,1,1,1,1,1,1,1,1,1,1,1,1,1,1,1,1,1,1,1
Brunei,5,5,5,5,5,,,,,,,,6,5,5,5,6,6,5,5,6,6,6,5,5,5,5,5,5,5,5,5,5,5,5,5,5,5,5,5,5,5,5,5,5,5,5,5,5,5,5
Bhutan,4,4,4,4,4,4,5,5,5,5,,5,5,5,5,5,5,5,5,5,6,7,7,7,7,7,6,6,6,6,5,5,5,5,5,5,5,5,5,5,5,4,4,4,4,4,4,4,4,4,4
Botswana,4,3,3,3,3,3,3,2,3,3,,3,3,3,3,3,3,2,2,2,2,3,3,2,2,2,2,2,2,2,2,2,2,2,2,2,2,2,2,2,2,2,2,2,2,2,2,2,2,2,2
Central African Republic,7,7,7,7,7,7,7,6,5,5,,5,6,6,6,6,6,6,5,5,5,4,4,4,5,5,4,4,4,5,5,5,5,4,4,5,5,5,5,5,5,7,7,7,7,7,7,7,7,7,7
Canada,1,1,1,1,1,1,1,1,1,1,,1,1,1,1,1,1,1,1,1,1,1,1,1,1,1,1,1,1,1,1,1,1,1,1,1,1,1,1,1,1,1,1,1,1,1,1,1,1,1,1
Switzerland,1,1,1,1,1,1,1,1,1,1,,1,1,1,1,1,1,1,1,1,1,1,1,1,1,1,1,1,1,1,1,1,1,1,1,1,1,1,1,1,1,1,1,1,1,1,1,1,1,1,1
Chile,2,5,5,5,5,5,5,5,5,5,,5,5,5,5,5,4,3,2,2,2,2,2,2,2,2,2,2,2,2,1,1,1,1,1,1,1,1,1,1,1,1,1,1,1,1,1,2,1,1,1
China,7,7,7,7,7,6,6,6,6,6,,6,6,6,6,6,6,7,7,7,7,7,7,7,7,7,6,6,6,6,6,6,6,6,6,6,6,6,6,6,6,6,6,6,6,6,6,6,6,6,6
Cote d'Ivoire,6,6,6,5,5,5,5,5,5,5,,5,5,5,5,5,6,5,4,4,4,5,5,5,5,4,4,5,5,4,6,5,6,6,6,5,5,5,6,6,5,4,4,4,4,4,4,4,4,4,4
Cameroon,4,4,4,4,5,5,6,6,6,6,,6,7,7,6,6,6,6,6,6,5,5,5,5,5,5,5,6,6,6,6,6,6,6,6,6,6,6,6,6,6,6,6,6,6,6,6,6,6,6,6
"Congo, Dem. Rep.",6,6,6,7,6,6,6,6,6,6,,7,7,7,7,7,7,6,6,5,5,6,6,6,6,6,6,6,6,6,6,6,6,6,6,6,6,6,6,6,6,6,6,6,6,6,6,6,6,6,6
"Congo, Rep.",7,6,6,6,6,6,7,7,6,6,,6,6,6,6,6,6,6,6,4,3,3,4,4,4,5,5,5,4,4,4,4,4,5,5,5,5,5,5,5,5,5,5,5,5,5,5,5,5,6,6
Colombia,2,2,2,3,3,3,3,3,3,3,,3,3,3,3,3,3,4,4,4,4,4,4,4,4,4,4,4,4,4,4,4,4,3,3,3,4,4,4,4,4,4,4,4,3,3,3,3,3,3,3
Comoros,,,,2,3,4,4,5,5,5,,4,5,6,6,6,6,5,5,3,2,4,4,4,4,4,4,4,4,4,4,4,4,4,4,4,4,4,4,4,4,4,4,4,4,4,4,4,4,4,4
Cape Verde,,,,5,6,6,6,6,6,6,,6,7,7,6,6,6,5,5,3,2,2,2,2,2,2,2,2,2,2,2,1,1,1,1,1,1,1,1,1,1,1,1,1,1,1,1,1,1,1,1
Costa Rica,1,1,1,1,1,1,1,1,1,1,,1,1,1,1,1,1,1,1,1,1,2,2,2,2,2,2,2,2,2,2,2,1,1,1,1,1,1,1,1,1,1,1,1,1,1,1,1,1,1,1
Cuba,7,7,7,7,6,6,6,6,6,6,,6,6,6,6,6,6,7,7,7,7,7,7,7,7,7,7,7,7,7,7,7,7,7,7,7,6,6,6,6,6,6,6,6,6,6,6,6,6,6,6
Cyprus,3,3,4,4,4,4,4,3,3,2,,2,2,2,2,2,2,1,1,1,1,1,1,1,1,1,1,1,1,1,1,1,1,1,1,1,1,1,1,1,1,1,1,1,1,1,1,1,1,1,1
Czech Republic,,,,,,,,,,,,,,,,,,,,,,2,2,2,2,2,2,2,2,2,2,2,1,1,1,1,1,1,1,1,1,1,1,1,1,1,1,1,1,1,1
Germany,4,4,4,4,4,5,4,4,5,5,,5,4,4,4,4,4,4,2,2,2,2,2,2,2,2,2,2,2,2,1,1,1,1,1,1,1,1,1,1,1,1,1,1,1,1,1,1,1,1,1
Djibouti,,,,,,4,4,4,4,6,,6,6,6,6,6,6,5,5,5,6,6,6,6,6,6,6,6,5,5,5,5,5,5,5,5,5,5,5,5,5,5,5,5,5,5,5,5,5,5,5
Dominica,,,,,,,3,2,2,2,,2,2,2,2,2,2,1,1,1,1,1,1,1,1,1,1,1,1,1,1,1,1,1,1,1,1,1,1,1,1,1,1,1,1,1,1,1,1,1,1
Denmark,1,1,1,1,1,1,1,1,1,1,,1,1,1,1,1,1,1,1,1,1,1,1,1,1,1,1,1,1,1,1,1,1,1,1,1,1,1,1,1,1,1,1,1,1,1,1,1,1,1,1
Dominican Republic,2,2,2,2,3,2,2,3,3,2,,2,3,3,3,3,3,3,3,3,3,3,3,3,3,3,3,3,2,2,2,2,2,2,2,2,2,2,2,2,2,3,3,3,3,3,3,3,3,3,3
Algeria,6,6,6,6,6,6,6,6,6,6,,6,6,6,6,6,6,4,4,4,6,6,7,6,6,6,5,5,5,5,5,5,5,5,5,5,5,5,5,5,5,5,5,5,5,5,5,5,5,5,5
Ecuador,3,4,4,4,4,4,4,2,2,2,,2,2,3,3,3,2,2,2,3,3,3,3,3,4,3,3,3,3,3,3,3,3,3,3,3,3,3,3,3,3,3,3,3,4,3,3,3,3,3,3
Egypt,6,6,4,4,4,4,5,5,5,5,,5,4,4,4,4,4,4,4,5,6,6,6,6,6,6,6,5,5,6,6,6,5,5,5,5,5,5,5,5,5,5,5,5,5,6,6,6,6,6,6
Eritrea,,,,,,,,,,,,,,,,,,,,,,5,5,4,4,4,4,5,5,6,6,6,6,6,6,6,6,7,7,7,7,7,7,7,7,7,7,7,7,7,7
Spain,6,6,5,5,3,3,2,2,3,3,,2,2,2,2,2,2,1,1,1,1,2,2,2,2,2,2,2,2,2,1,1,1,1,1,1,1,1,1,1,1,1,1,1,1,1,1,1,1,1,1
Estonia,,,,,,,,,,,,,,,,,,,,3,3,2,2,2,2,2,2,2,2,2,2,2,1,1,1,1,1,1,1,1,1,1,1,1,1,1,1,1,1,1,1
Ethiopia,6,6,5,6,6,7,7,7,7,7,,7,7,7,7,7,7,7,7,5,4,5,5,5,5,5,4,5,5,5,5,5,5,5,5,5,5,5,6,6,6,6,6,6,6,6,6,6,6,6,6
Finland,2,2,2,2,2,2,2,2,2,2,,2,2,2,2,2,2,1,1,1,1,1,1,1,1,1,1,1,1,1,1,1,1,1,1,1,1,1,1,1,1,1,1,1,1,1,1,1,1,1,1
Fiji,2,2,2,2,2,2,2,2,2,2,,2,2,2,2,5,4,4,4,4,3,3,3,3,3,3,3,3,3,3,3,3,3,3,4,4,4,4,4,4,4,4,4,3,4,3,3,3,3,3,3
France,2,2,2,2,1,2,2,2,2,2,,2,2,2,2,2,2,2,2,2,2,2,2,2,2,2,2,2,2,2,1,1,1,1,1,1,1,1,1,1,1,1,1,1,2,2,2,2,2,2,2
"Micronesia, Fed. Sts.",,,,,,,,,,,,,,,,,,,,1,1,1,1,1,1,2,2,2,2,2,2,1,1,1,1,1,1,1,1,1,1,1,1,1,1,1,1,1,1,1,1
Gabon,6,6,6,6,6,6,6,6,6,6,,6,6,6,6,6,6,5,4,3,4,4,4,4,4,4,4,4,4,4,4,4,4,4,4,4,4,5,5,5,5,5,5,5,5,5,5,5,5,5,5
UK,1,1,1,1,1,1,1,1,1,1,,1,1,1,1,1,1,1,2,2,2,2,2,2,2,2,2,2,2,2,1,1,1,1,1,1,1,1,1,1,1,1,1,1,1,1,1,1,1,1,1
Georgia,,,,,,,,,,,,,,,,,,,,5,5,5,5,5,4,4,4,4,4,4,4,4,4,3,3,4,4,4,3,3,3,3,3,3,3,3,3,3,3,3,3
Ghana,6,6,5,5,5,5,4,4,3,5,,5,6,6,6,6,6,5,5,6,5,4,4,4,4,3,3,3,3,3,3,2,2,2,2,2,2,2,2,2,2,2,2,2,2,2,2,2,2,2,2
Guinea,7,7,7,7,7,7,7,7,7,7,,7,5,5,5,6,6,6,5,5,5,5,5,5,5,5,5,5,5,5,5,5,5,5,5,5,5,6,5,5,5,5,5,5,5,5,4,5,5,5,5
Gambia,2,2,2,2,2,2,2,2,3,4,,4,4,4,4,3,3,2,2,2,2,2,6,6,6,6,5,5,5,5,4,4,4,4,4,4,4,5,5,5,6,6,6,6,6,5,5,4,4,4,4
Guinea-Bissau,,,6,6,6,6,6,6,6,6,,6,6,6,7,7,7,6,5,5,5,5,4,4,4,4,5,5,5,5,5,4,4,4,4,4,4,4,4,4,5,5,5,5,5,5,4,4,4,4,4
Equatorial Guinea,6,6,6,7,7,7,7,6,6,6,,6,6,7,7,7,7,7,7,7,6,7,7,7,7,7,7,7,7,6,6,6,6,6,6,6,7,7,7,7,7,7,7,7,7,7,7,7,7,7,7
Greece,6,5,2,2,2,2,2,2,2,2,,2,2,2,2,2,2,2,2,2,2,3,3,3,3,3,3,3,3,3,2,2,2,2,2,2,2,2,2,2,2,2,2,2,2,2,2,2,2,2,2
Grenada,,,4,4,4,3,3,5,5,5,,6,3,3,2,1,1,2,2,2,2,2,2,2,2,2,2,2,2,2,2,2,2,2,2,2,2,2,2,2,2,2,2,2,2,2,2,2,2,2,2
Guatemala,3,2,3,3,3,4,4,5,6,6,,6,6,4,3,3,3,3,4,5,5,5,5,5,4,4,4,4,4,4,4,4,4,4,4,4,4,4,4,4,4,4,4,4,4,4,4,4,4,4,4
Guyana,2,2,7,3,3,3,4,4,4,4,,5,5,5,5,5,5,4,4,4,3,2,2,2,2,2,2,2,2,2,2,2,2,3,3,3,3,3,3,3,3,3,3,3,3,3,3,3,3,3,3
Honduras,3,3,3,3,3,3,3,3,3,3,,3,3,3,3,3,3,3,3,3,3,3,3,3,3,3,3,3,3,3,3,3,3,3,3,3,3,4,4,4,4,4,4,4,4,4,4,4,5,4,4
Croatia,,,,,,,,,,,,,,,,,,,,4,4,4,4,4,4,4,4,4,3,2,2,2,2,2,2,2,2,2,2,2,2,2,2,2,2,2,2,2,2,2,2
Haiti,6,6,6,6,6,6,6,6,6,6,,6,6,6,4,5,5,5,4,7,7,7,5,5,5,5,5,5,5,6,6,6,6,6,5,5,5,5,5,5,5,5,5,5,5,5,5,5,5,5,5
Hungary,6,6,6,6,6,5,5,5,5,5,,5,5,5,5,4,4,3,2,2,2,2,2,2,2,2,2,2,2,2,2,2,1,1,1,1,1,1,1,2,2,2,2,2,2,2,3,3,3,3,3
Indonesia,5,5,5,5,5,5,5,5,5,5,,5,6,6,6,6,5,5,5,5,5,6,6,6,5,5,4,4,4,4,4,4,4,3,3,3,3,3,3,3,3,4,4,4,4,4,4,4,4,4,4
India,3,3,3,5,5,2,2,2,3,3,,3,3,3,3,3,3,3,3,4,4,4,4,4,4,4,3,3,3,3,3,3,3,3,3,3,3,3,3,3,3,3,3,3,3,3,3,3,4,4,4
Ireland,2,2,2,2,1,1,1,1,1,1,,1,1,1,1,1,1,1,1,1,1,2,2,1,1,1,1,1,1,1,1,1,1,1,1,1,1,1,1,1,1,1,1,1,1,1,1,1,1,1,1
Iran,6,6,6,6,6,5,5,5,5,6,,6,6,6,6,6,6,5,5,5,6,7,7,7,7,7,6,6,6,6,6,6,6,6,6,6,6,6,6,6,6,6,6,6,6,6,6,6,6,6,6
Iraq,7,7,7,7,7,7,6,7,7,7,,7,7,7,7,7,7,6,7,7,7,7,7,7,7,7,7,7,7,7,7,5,5,5,6,6,6,6,6,6,6,6,6,6,6,6,6,6,6,6,6
Iceland,1,1,1,1,1,1,1,1,1,1,,1,1,1,1,1,1,1,1,1,1,1,1,1,1,1,1,1,1,1,1,1,1,1,1,1,1,1,1,1,1,1,1,1,1,1,1,1,1,1,1
Israel,3,3,3,3,3,2,2,2,2,2,,2,2,2,2,2,2,2,2,2,2,3,3,3,3,3,3,2,3,3,3,3,3,2,2,2,2,2,2,2,2,2,2,2,2,3,3,3,3,3,3
Italy,2,2,2,2,1,2,2,2,2,2,,2,1,1,1,1,1,1,1,1,2,3,2,2,2,2,2,2,2,2,1,1,1,1,1,1,2,2,2,1,1,1,1,1,1,1,1,1,1,1,1
Jamaica,2,2,2,2,3,3,3,3,3,3,,3,3,3,3,2,2,2,2,2,2,3,3,3,3,3,2,2,2,3,3,3,3,3,3,3,3,3,3,3,3,3,3,3,3,3,2,2,2,2,2
Jordan,6,6,6,6,6,6,6,6,6,6,,6,5,5,5,5,5,5,5,4,3,4,4,4,4,4,5,4,4,5,5,5,4,4,4,4,5,5,5,5,5,5,5,5,5,5,5,5,5,5,5
Japan,1,1,1,1,1,1,1,1,1,1,,1,1,1,1,1,1,1,1,2,2,2,2,2,2,2,2,2,2,2,2,2,2,2,2,2,2,2,2,2,2,1,1,1,1,1,1,1,1,1,1
Kazakhstan,,,,,,,,,,,,,,,,,,,,4,5,4,5,5,5,5,5,5,5,5,5,5,5,5,5,5,5,5,5,5,5,5,5,5,5,5,5,5,5,5,5
Kenya,4,4,4,5,5,5,4,4,4,5,,5,5,5,5,6,6,6,6,6,5,6,6,6,6,6,5,5,5,5,4,3,3,3,3,3,3,4,3,3,4,4,4,4,4,4,4,4,4,4,4
Kyrgyz Republic,,,,,,,,,,,,,,,,,,,,4,2,3,3,4,4,4,5,5,5,5,5,5,5,4,4,4,4,5,5,5,5,5,5,5,5,5,4,4,5,5,5
Cambodia,5,5,6,7,7,7,7,7,7,7,,7,7,7,7,7,7,7,7,6,6,5,5,6,6,6,6,6,6,5,5,5,5,5,5,5,5,5,5,5,5,5,5,5,5,5,5,5,5,5,5
Kiribati,,,,,,,,2,2,2,,2,2,2,2,2,2,2,2,2,2,1,1,1,1,1,1,1,1,1,1,1,1,1,1,1,1,1,1,1,1,1,1,1,1,1,1,1,1,1,1
St. Kitts and Nevis,,,,,,,,,,,,2,1,1,1,2,2,1,1,1,1,1,2,2,2,2,2,2,2,2,2,2,2,1,1,1,1,1,1,1,1,1,1,1,1,1,1,1,1,1,1
South Korea,6,6,6,5,6,5,5,5,6,5,,6,5,5,5,4,3,3,3,3,3,2,2,2,2,2,2,2,2,2,2,2,2,2,2,2,2,2,2,2,2,2,2,2,2,2,2,2,2,2,2
Kuwait,4,3,3,3,5,4,4,4,4,4,,4,4,4,5,5,5,4,7,5,5,5,5,5,5,5,5,5,5,5,5,5,5,5,4,4,4,4,5,5,5,5,5,5,5,5,5,5,5,5,5
Lao,5,5,5,6,7,7,7,7,7,7,,7,7,7,7,7,6,7,7,7,6,6,6,6,6,6,6,6,6,6,6,6,6,6,6,6,6,6,6,6,6,6,6,6,6,6,6,6,6,6,6
Lebanon,2,2,2,4,4,4,4,4,4,4,,4,4,4,4,5,5,5,5,4,4,5,5,5,5,5,5,5,5,5,5,5,5,4,4,4,4,3,3,4,4,4,4,4,4,4,4,4,4,4,4
Liberia,6,5,3,4,4,4,5,5,6,6,,5,5,5,5,5,5,5,7,6,6,6,6,6,6,5,5,5,6,6,6,6,4,4,4,4,4,4,4,4,4,4,4,4,4,3,3,4,4,4,4
Libya,6,7,7,6,6,6,6,6,7,6,,6,6,6,6,6,6,7,7,7,7,7,7,7,7,7,7,7,7,7,7,7,7,7,7,7,7,7,7,6,5,5,6,6,6,6,6,6,6,6,6
St. Lucia,,,,,,,,3,2,2,,2,2,2,2,2,2,2,2,2,2,2,2,2,2,2,2,2,2,2,2,2,2,1,1,1,1,1,1,1,1,1,1,1,1,1,1,1,1,1,1
Liechtenstein,2,2,2,2,2,,,,,,,,,,,,,,,,1,1,1,1,1,1,1,1,1,1,1,1,1,1,1,1,1,1,1,1,1,1,1,1,1,1,1,1,1,1,1
Sri Lanka,3,3,3,4,3,2,3,3,3,3,,4,4,4,4,4,4,5,5,5,5,5,5,5,5,4,4,4,4,4,4,3,3,3,4,4,4,4,4,4,4,4,5,4,4,4,4,4,4,4,4
Lesotho,4,3,4,4,4,4,5,5,5,5,,5,5,5,5,6,6,5,5,4,4,4,4,4,4,4,4,4,4,4,3,3,3,3,3,3,3,3,3,3,3,3,3,3,3,3,3,3,3,3,3
Lithuania,,,,,,,,,,,,,,,,,,,,3,3,3,3,2,2,2,2,2,2,2,2,2,2,1,1,1,1,1,1,1,1,1,1,1,1,1,1,1,2,2,2
Luxembourg,1,1,1,1,1,1,1,1,1,1,,1,1,1,1,1,1,1,1,1,1,1,1,1,1,1,1,1,1,1,1,1,1,1,1,1,1,1,1,1,1,1,1,1,1,1,1,1,1,1,1
Latvia,,,,,,,,,,,,,,,,,,,,3,3,3,2,2,2,2,2,2,2,2,2,2,2,1,1,1,1,1,2,2,2,2,2,2,2,2,2,2,2,2,2
Morocco,4,5,5,5,5,4,4,4,4,5,,5,5,5,5,5,5,4,4,5,5,5,5,5,5,5,4,4,4,5,5,5,4,4,4,4,4,4,4,4,4,4,4,4,4,5,5,5,5,5,5
Monaco,2,2,2,2,2,,,,,,,,,,,,,,,,,1,1,1,1,1,1,1,1,1,1,1,1,1,1,1,1,1,1,1,1,1,1,1,1,1,1,1,1,1,1
Moldova,,,,,,,,,,,,,,,,,,,,4,5,5,4,4,4,4,4,4,4,4,4,4,4,4,4,4,4,4,3,3,3,3,3,3,3,3,4,4,3,3,3
Madagascar,3,4,4,5,5,5,6,6,6,6,,6,6,6,5,5,5,4,4,4,4,4,4,4,4,4,4,4,4,4,4,3,3,3,3,3,3,4,4,4,4,4,4,4,4,4,4,3,4,4,4
Maldives,2,2,2,4,4,4,5,5,5,5,,5,5,5,6,6,6,5,5,5,5,6,6,6,6,6,5,5,5,5,5,5,5,5,5,5,4,4,4,4,4,4,4,5,5,5,5,5,5,5,5
Mexico,3,3,3,3,4,3,4,4,4,4,,4,4,4,4,4,4,3,4,4,3,4,4,4,3,4,4,4,3,3,2,2,2,2,3,3,3,3,3,3,3,3,3,3,3,3,3,3,4,4,4
Marshall Islands,,,,,,,,,,,,,,,,,,,,1,1,1,1,1,1,1,1,1,1,1,1,1,1,1,1,1,1,1,1,1,1,1,1,1,1,1,1,1,1,1,1
North Macedonia,,,,,,,,,,,,,,,,,,,,,4,3,3,3,3,3,3,3,3,4,3,3,3,3,3,3,3,3,3,3,3,3,3,3,3,3,3,3,3,3,3
Mali,6,6,6,7,7,7,6,6,6,6,,6,6,6,6,6,6,6,5,4,3,3,4,3,2,3,3,3,3,3,3,2,2,2,2,3,3,3,3,3,5,4,4,4,4,4,4,5,5,5,5
Malta,2,1,1,1,2,2,2,3,3,3,,4,4,4,4,2,2,1,1,1,1,1,1,1,1,1,1,1,1,1,1,1,1,1,1,1,1,1,1,1,1,1,1,1,1,1,1,1,1,1,1
Myanmar,5,5,5,6,6,6,6,6,6,6,,7,7,7,7,7,6,7,7,7,7,7,7,7,7,7,7,7,7,7,7,7,7,7,7,7,7,7,7,6,5,5,6,5,5,5,5,6,6,6,6
Montenegro,,,,,,,,,,,,,,,,,,,,,,,,,,,,,,,,,,,3,3,3,2,2,2,2,2,2,3,3,3,3,3,3,3,3
Mongolia,7,7,7,7,7,7,7,7,7,7,,7,7,7,7,7,7,7,4,3,2,3,3,3,3,3,3,3,3,3,2,2,2,2,2,2,2,2,2,2,2,2,2,2,2,2,2,2,2,2,2
Mozambique,,,,6,7,7,7,7,7,7,,6,7,7,7,7,7,7,6,4,4,5,5,4,4,4,4,4,4,4,4,4,4,4,4,3,3,3,3,3,3,3,3,4,4,4,4,4,4,4,4
Mauritania,6,6,6,6,6,6,6,6,6,6,,6,6,6,6,6,6,6,6,6,6,6,7,6,6,6,5,5,5,5,5,5,5,4,4,4,5,5,5,5,5,5,5,5,5,5,5,5,5,5,5
Mauritius,2,2,2,2,2,2,4,4,3,3,,2,2,2,2,2,2,2,2,2,2,2,2,2,2,2,2,2,2,2,2,2,1,1,2,2,2,2,2,2,2,2,2,2,2,2,2,2,2,2,2
Malawi,6,6,6,6,6,6,7,7,7,7,,7,7,7,7,7,7,6,6,6,7,5,3,3,3,3,3,3,3,3,4,4,4,4,3,4,4,4,4,4,4,4,4,3,3,3,3,3,3,3,3
Malaysia,3,3,3,4,4,4,4,4,4,4,,4,5,5,5,5,5,4,4,4,4,5,5,5,5,5,5,5,5,5,5,4,4,4,4,4,4,4,4,4,4,4,4,4,4,4,4,4,4,4,4
Namibia,5,5,5,,,,,,,,,,,,,,,3,3,3,2,3,3,3,3,3,3,3,3,3,3,3,3,2,2,2,2,2,2,2,2,2,2,2,2,2,2,2,2,2,2
Niger,6,6,6,6,6,6,6,6,6,6,,6,6,6,6,6,6,6,5,5,4,4,5,5,5,5,5,5,4,4,4,4,3,3,3,4,4,4,4,4,4,4,4,4,4,4,4,4,4,4,4
Nigeria,4,4,4,5,4,4,3,3,3,3,,3,5,5,5,5,5,5,5,4,4,5,6,7,6,6,4,3,4,5,5,4,4,4,4,4,4,4,4,4,4,4,5,5,5,5,5,5,5,5,5
Nicaragua,3,4,4,4,5,5,5,5,5,5,,5,5,5,6,5,4,5,3,3,3,5,5,4,3,3,3,3,3,3,3,3,3,3,3,3,3,4,4,4,4,3,3,3,4,4,5,5,5,5,6
Netherlands,1,1,1,1,1,1,1,1,1,1,,1,1,1,1,1,1,1,1,1,1,1,1,1,1,1,1,1,1,1,1,1,1,1,1,1,1,1,1,1,1,1,1,1,1,1,1,1,1,1,1
Norway,1,1,1,1,1,1,1,1,1,1,,1,1,1,1,1,1,1,1,1,1,1,1,1,1,1,1,1,1,1,1,1,1,1,1,1,1,1,1,1,1,1,1,1,1,1,1,1,1,1,1
Nepal,5,5,5,5,5,5,5,4,4,4,,4,4,4,4,4,4,5,4,3,3,4,4,4,4,4,4,4,4,4,4,4,5,5,4,4,4,4,4,4,4,4,4,4,4,4,4,4,4,4,4
Nauru,2,2,2,2,2,2,2,2,2,2,,2,2,2,2,2,2,2,2,2,2,3,3,3,3,3,3,3,3,3,2,1,1,1,1,1,1,1,1,1,1,1,2,2,2,2,2,3,3,3,3
New Zealand,1,1,1,1,1,1,1,1,1,1,,1,1,1,1,1,1,1,1,1,1,1,1,1,1,1,1,1,1,1,1,1,1,1,1,1,1,1,1,1,1,1,1,1,1,1,1,1,1,1,1
Oman,6,6,6,6,6,6,6,6,6,6,,6,6,6,6,6,6,6,6,6,5,6,6,6,6,6,6,6,5,5,5,5,5,5,5,5,5,5,5,5,5,5,5,5,5,5,5,5,5,5,5
Pakistan,5,5,5,5,5,4,5,5,5,5,,5,5,5,5,5,3,3,4,5,5,5,5,5,5,5,5,5,5,5,5,5,5,5,5,5,5,5,5,5,5,5,5,5,5,5,5,5,5,5,5
Panama,6,6,6,6,6,5,5,5,4,5,,4,3,3,3,5,5,6,2,2,3,3,3,3,3,3,3,2,2,2,2,2,2,2,2,2,2,2,2,2,2,2,2,2,2,2,2,2,2,2,2
Peru,5,5,6,4,4,4,4,4,3,3,,3,3,3,3,3,3,4,4,5,5,5,4,4,3,4,4,4,4,3,3,3,3,3,3,3,3,3,3,3,3,3,3,3,3,3,3,3,3,3,3
Philippines,6,5,5,5,5,5,5,5,5,4,,5,4,3,2,2,3,3,3,3,3,4,4,4,3,3,3,3,3,3,3,3,3,3,3,3,3,3,3,3,3,3,3,3,3,3,3,4,4,4,4
Palau,,,,,,,,,,,,,,,,,,,,,,,2,2,2,2,2,2,2,2,2,1,1,1,1,1,1,1,1,1,1,1,1,1,1,1,1,1,1,1,1
Papua New Guinea,,,,2,2,2,2,2,2,2,,2,2,2,2,2,3,2,3,3,3,4,4,4,4,4,3,3,3,3,3,3,3,3,3,3,3,3,3,3,3,3,3,3,3,3,3,3,3,3,3
Poland,6,6,6,6,6,5,5,5,4,5,,5,5,5,5,5,5,3,2,2,2,2,2,2,2,2,2,2,2,2,2,2,1,1,1,1,1,1,1,1,1,1,1,1,2,2,2,2,2,2,2
North Korea,7,7,7,7,7,7,7,7,7,7,,7,7,7,7,7,7,7,7,7,7,7,7,7,7,7,7,7,7,7,7,7,7,7,7,7,7,7,7,7,7,7,7,7,7,7,7,7,7,7,7
Portugal,6,6,3,3,2,2,2,2,2,2,,2,2,2,2,2,2,2,2,1,1,1,1,1,1,1,1,1,1,1,1,1,1,1,1,1,1,1,1,1,1,1,1,1,1,1,1,1,1,1,1
Paraguay,6,5,5,5,6,6,5,5,5,5,,5,5,5,6,6,6,3,3,3,3,3,3,3,3,3,3,3,3,3,3,3,3,3,3,3,3,3,3,3,3,3,3,3,3,3,3,3,3,3,3
Qatar,5,5,5,5,5,5,5,5,5,5,,5,5,5,5,5,5,5,5,5,6,6,6,6,6,6,6,6,6,6,6,6,5,5,5,5,5,5,5,5,5,5,5,5,5,5,5,5,5,5,5
Romania,6,6,6,6,6,6,6,6,6,6,,6,7,7,7,7,7,7,5,5,4,4,3,3,3,2,2,2,2,2,2,2,2,2,2,2,2,2,2,2,2,2,2,2,2,2,2,2,2,2,2
Russia,,,,,,,,,,,,,,,,,,,,3,4,4,4,4,4,4,4,5,5,5,5,5,5,5,5,5,5,5,5,5,5,5,6,6,6,6,6,6,6,6,6
Rwanda,6,6,5,5,5,5,6,6,6,6,,6,6,6,6,6,6,6,6,6,5,5,7,6,6,6,6,6,6,6,5,5,5,5,5,5,5,5,5,5,6,5,6,6,6,6,6,6,6,6,6
Saudi Arabia,6,6,6,6,6,6,6,6,6,6,,7,7,7,7,7,7,6,6,6,7,7,7,7,7,7,7,7,7,7,7,7,7,6,6,6,6,6,6,7,7,7,7,7,7,7,7,7,7,7,7
Sudan,6,6,6,6,6,5,5,5,5,5,,5,6,6,5,5,5,7,7,7,7,7,7,7,7,7,7,7,7,7,7,7,7,7,7,7,7,7,7,7,7,7,7,7,7,7,7,6,6,6,6
Senegal,6,6,5,4,4,3,3,4,4,4,,4,4,4,4,4,4,3,3,3,3,5,5,5,4,4,4,4,4,4,3,3,3,3,3,3,3,3,3,3,3,2,2,2,2,2,3,3,3,3,3
Singapore,5,5,5,5,5,5,5,5,5,5,,5,5,5,5,5,5,4,4,4,5,5,5,5,5,5,5,5,5,5,4,4,4,4,4,4,4,4,4,4,4,4,4,4,4,4,4,4,4,4,4
Solomon Islands,,,,,,,2,2,2,2,,2,3,3,2,2,2,1,1,1,1,2,2,2,2,2,2,2,4,4,3,3,3,3,3,3,3,3,3,3,3,3,3,3,2,2,2,2,2,2,2
Sierra Leone,5,5,5,5,5,5,5,5,5,5,,5,5,5,5,5,5,5,5,5,6,6,6,6,5,6,5,5,5,5,4,3,3,3,3,3,3,3,3,3,3,3,3,3,3,3,3,3,3,3,3
El Salvador,3,3,3,3,3,4,5,4,5,5,,5,5,4,4,4,3,4,4,4,3,3,3,3,3,3,3,3,3,3,3,3,3,3,3,3,3,3,3,3,3,3,3,3,3,3,3,4,4,4,4
San Marino,2,2,2,2,2,,,,,,,,,,,,,,,,1,1,1,1,1,1,1,1,1,1,1,1,1,1,1,1,1,1,1,1,1,1,1,1,1,1,1,1,1,1,1
Somalia,6,6,6,6,7,7,7,7,7,7,,7,7,7,7,7,7,7,7,7,7,7,7,7,7,7,7,7,7,7,7,7,7,7,7,7,7,7,7,7,7,7,7,7,7,7,7,7,7,7,7
Serbia,,,,,,,,,,,,,,,,,,,,,,,,,,,,,,,,,,,2,2,2,2,2,2,2,2,2,2,2,2,3,3,3,3,3
South Sudan,,,,,,,,,,,,,,,,,,,,,,,,,,,,,,,,,,,,,,,,5,5,6,6,6,7,7,7,7,7,7,7
Sao Tome and Principe,,,,5,5,5,6,6,6,6,,7,7,7,7,7,7,5,5,3,3,2,2,2,2,2,2,2,2,2,2,2,2,2,2,2,2,2,2,2,2,2,2,2,2,2,2,2,2,2,2
Suriname,,,,2,2,2,2,2,5,5,,6,6,6,6,4,2,3,4,4,3,3,3,3,3,3,3,3,2,2,2,2,2,2,2,2,2,2,2,2,2,2,2,3,3,2,3,3,2,2,2
Slovak Republic,,,,,,,,,,,,,,,,,,,,,,4,3,3,4,4,2,2,2,2,2,2,1,1,1,1,1,1,1,1,1,1,1,1,1,1,2,2,1,1,1
Slovenia,,,,,,,,,,,,,,,,,,,,3,2,2,2,2,2,2,2,2,2,2,1,1,1,1,1,1,1,1,1,1,1,1,1,1,1,1,1,1,1,2,1
Sweden,1,1,1,1,1,1,1,1,1,1,,1,1,1,1,1,1,1,1,1,1,1,1,1,1,1,1,1,1,1,1,1,1,1,1,1,1,1,1,1,1,1,1,1,1,1,1,1,1,1,1
Eswatini,2,4,4,4,4,4,5,5,5,5,,5,6,6,6,6,6,5,5,5,5,5,5,5,5,5,4,5,5,5,5,5,5,5,5,5,5,5,5,5,5,5,5,5,5,6,6,5,5,6,6
Seychelles,,,,,2,3,5,6,6,6,,6,6,6,6,6,6,6,6,6,4,4,4,3,3,3,3,3,3,3,3,3,3,3,3,3,3,3,3,3,3,3,3,3,3,3,3,3,3,2,2
Syria,7,7,7,7,6,6,6,6,7,7,,7,7,7,7,7,7,7,7,7,7,7,7,7,7,7,7,7,7,7,7,7,7,7,6,6,6,6,6,7,7,7,7,7,7,7,7,7,7,7,7
Chad,7,7,7,6,6,6,6,6,6,6,,6,7,7,7,7,7,6,6,6,6,5,5,5,5,5,4,5,5,5,5,5,5,5,6,6,6,6,6,6,6,6,6,6,6,6,6,6,6,6,6
Togo,5,5,6,6,6,6,6,7,6,6,,6,6,6,6,6,6,6,6,5,5,5,5,5,5,5,5,5,5,5,5,5,5,5,5,5,5,4,4,4,4,4,4,4,4,4,4,4,4,4,4
Thailand,5,3,3,3,6,5,4,4,4,4,,4,4,4,3,3,3,3,3,4,4,5,5,4,3,3,3,3,3,3,3,3,3,3,4,4,4,4,4,4,4,4,5,5,5,5,5,4,5,5,5
Tajikistan,,,,,,,,,,,,,,,,,,,,5,6,7,7,7,7,6,6,6,6,6,5,5,5,5,5,5,5,5,5,5,6,6,6,6,6,6,6,6,6,6,7
Turkmenistan,,,,,,,,,,,,,,,,,,,,5,6,7,7,7,7,7,7,7,7,7,7,7,7,7,7,7,7,7,7,7,7,7,7,7,7,7,7,7,7,7,7
Timor-Leste,,,,,,,,,,,,,,,,,,,,,,,,,,,,4,3,3,3,3,3,3,4,4,4,4,4,4,4,4,3,3,3,3,3,3,3,3,3
Tonga,2,3,3,3,3,3,3,3,3,3,,3,3,3,3,3,3,3,3,3,3,3,3,3,3,3,3,3,3,3,3,3,3,3,3,3,3,3,3,3,2,2,2,2,2,2,2,2,2,2,2
Trinidad and Tobago,3,2,2,2,2,2,2,2,2,2,,2,2,2,2,1,1,1,1,1,1,1,2,2,2,2,2,2,2,3,3,3,3,2,2,2,2,2,2,2,2,2,2,2,2,2,2,2,2,2,2
Tunisia,5,5,5,5,5,5,5,5,5,5,,5,5,5,5,5,4,3,4,5,5,5,5,5,5,5,5,5,5,5,5,5,5,5,5,5,5,5,5,4,4,3,3,3,3,3,3,3,3,3,3
Turkey,4,4,3,3,3,3,3,3,5,5,,5,5,5,4,4,4,3,4,4,4,4,5,5,5,5,5,5,5,5,4,4,3,3,3,3,3,3,3,3,4,4,4,4,5,6,6,6,6,6,6
Tuvalu,,,,,,,2,2,2,2,,2,2,2,1,1,1,1,1,1,1,1,1,1,1,1,1,1,1,1,1,1,1,1,1,1,1,1,1,1,1,1,1,1,1,1,1,1,1,1,1
Taiwan,5,5,5,5,5,4,5,5,5,5,,5,5,5,5,4,3,3,3,3,3,4,3,3,2,2,2,2,2,2,2,2,1,1,1,1,1,2,2,2,2,2,2,2,1,1,1,1,1,1,1
Tanzania,6,6,6,6,6,6,6,6,6,6,,6,6,6,6,6,6,6,5,5,5,5,6,5,5,5,4,4,4,4,3,3,3,3,3,3,3,3,3,3,3,3,3,4,4,4,5,5,5,5,5
Uganda,7,7,7,7,7,7,7,6,4,5,,5,5,4,4,4,5,4,5,6,5,5,5,4,4,4,4,5,5,5,4,4,4,4,4,4,4,4,4,4,4,4,5,5,5,4,5,5,5,5,5
Ukraine,,,,,,,,,,,,,,,,,,,,3,3,4,4,4,4,4,4,4,4,4,4,4,3,2,2,2,2,2,3,3,3,3,3,3,3,3,4,3,4,3,4
Uruguay,4,5,5,5,6,6,6,6,5,5,,4,4,2,2,2,2,2,2,2,2,2,2,2,2,2,2,2,1,1,1,1,1,1,1,1,1,1,1,1,1,1,1,1,1,1,1,1,1,1,1
USA,1,1,1,1,1,1,1,1,1,1,,1,1,1,1,1,1,1,1,1,1,1,1,1,1,1,1,1,1,1,1,1,1,1,1,1,1,1,1,1,1,1,1,1,1,1,1,1,2,2,2
Uzbekistan,,,,,,,,,,,,,,,,,,,,5,6,7,7,7,6,6,6,6,6,6,6,6,6,7,7,7,7,7,7,7,7,7,7,7,7,7,6,6,6,6,6
St. Vincent and the Grenadines,,,,,,,,2,2,2,,2,2,2,2,2,2,2,2,2,2,1,1,1,1,1,1,1,1,1,1,1,1,1,1,1,1,1,1,1,1,1,1,1,1,1,1,1,1,1,1
Venezuela,2,2,2,2,2,2,2,2,2,2,,2,2,2,2,2,2,3,3,3,3,3,3,3,3,3,3,4,5,5,4,4,4,4,4,4,4,4,5,5,5,5,5,5,5,5,6,6,6,6,6
Vietnam,6,6,6,7,7,7,7,7,7,6,,6,6,7,7,7,7,7,7,7,7,7,7,7,7,7,7,7,6,6,6,6,6,5,5,5,5,5,5,5,5,5,5,5,5,5,5,5,6,6,6
Vanuatu,,,,,,,,,3,2,,4,4,4,4,4,4,3,3,3,3,2,3,3,3,3,3,3,3,3,2,2,2,2,2,2,2,2,2,2,2,2,2,2,2,2,2,2,2,2,2
Samoa,2,2,2,2,2,2,2,2,3,3,,3,3,3,3,3,3,2,2,2,2,2,2,2,2,2,3,2,2,2,2,2,2,2,2,2,2,2,2,2,2,2,2,2,2,2,2,2,2,2,2
Yemen,6,6,6,6,6,6,6,6,6,6,,6,6,6,6,6,6,6,5,5,4,5,6,6,6,6,6,6,6,6,5,5,5,5,5,5,5,5,5,6,6,6,6,6,6,6,6,6,6,6,6
South Africa,5,5,5,5,5,6,6,6,6,6,,6,6,6,6,6,6,5,4,4,4,4,3,2,2,2,2,2,2,2,2,2,2,2,2,2,2,2,2,2,2,2,2,2,2,2,2,2,2,2,2
Zambia,5,5,4,5,5,5,5,5,6,6,,6,5,5,5,5,5,5,5,3,3,4,4,4,4,4,4,4,4,4,4,4,4,4,4,4,3,4,4,4,4,4,4,4,4,4,4,4,4,4,4
Zimbabwe,5,5,5,5,5,5,5,4,4,5,,5,5,6,6,6,5,4,4,4,4,5,5,5,5,5,5,5,5,6,6,6,6,6,6,6,6,6,6,6,6,6,6,5,5,5,5,5,5,5,5
